CoVIC ID,Isotype,Epitope Community (RBD),ADCP,mADCP,ADNP,mADNP,ADCD,ADNKA_CD107a,ADNKA_MIP-1b,FcgR2aR,FcgR3aV,FcgR2b,FcgR3b,FcRn,mFcR2b,mFcR3,mFcR4,(0.5 mg/mL) % survival,(1.5 mg/mL) % survival,IC50_WA1 (ng/mL),IC80_WA1 (ng/mL),IC50_UTMB (ng/mL),IC80_UTMB (ng/mL),IC90_UTMB (ng/mL),neut_cluster
7,IgG1,6.0,-0.9729700211778856,-0.05806003394967351,-0.5264421825194429,1.0314106488815502,0.3400400635359947,-0.09946989216635042,0.3640920858772581,0.3316819268445002,0.299248395510791,-0.3277945528161167,-0.8015043295016321,-1.6060816404331233,-0.5810068330690246,-0.623868191240513,-0.23177759546664178,10.0,,0.2360592275245236,0.023295527710235454,2.1995721945617484,1.9440340124978701,1.7553941797015862,2
9,IgG1,2.0,0.839410548943691,1.7401359938183292,0.45708365417832525,1.2969297010385483,1.3543382452600259,-0.005490414505751513,0.5148832807388426,0.9819884620296745,0.9517635704749653,1.1623513849964615,1.1221155872509219,1.1736102254316074,1.983253105040717,2.1376597973270273,1.365777504394561,10.0,,-1.1728822097601048,-1.434116211663087,-1.3805822992073151,-1.4462843057451698,-1.4552344387676173,3
10,IgG1,2.0,-0.9623188036388164,-0.5265338814497521,-0.6130651080104113,1.1718623083859554,-0.14925983708804405,0.023625030298999792,0.12200224469592327,-0.12066789636490918,0.14550372517528742,-0.9846709602817356,-0.8572180243627331,-1.5541378430923307,-0.5801516077061488,-1.2344846460183014,-0.7511589553022163,10.0,,-1.1728822097601048,-1.2157588580691343,-1.0066271422579958,-1.0493455270204561,-1.0528106628898488,3
11,IgG1,2.0,-0.27507941488000814,-0.6387948227932495,-0.45400896188845374,0.8242461465554557,-0.2673194667842417,0.1551100248182238,-0.05421770230136823,0.6305908710892651,0.8045381987658011,0.09263262969463047,-0.4587320156989803,-0.06618693584750925,-0.5795567315333205,-0.9874756914087642,-0.4343352120124712,10.0,,-1.1728822097601048,-1.2414756718827644,-0.8345229874832086,-0.9731210329498594,-1.0358011391575008,3
12,IgG1,2.0,-0.7609388711123836,-1.0072133299696793,-0.6214717995708856,0.0626219841662647,-0.17240356777551827,-0.08971087604144942,0.08043110539118797,0.2565688200792062,0.38574313116730863,-0.53571038986066,-0.7098961527634795,-0.6290465407246247,-0.5799981142311172,-0.9322590867085339,-0.6853800726138376,30.0,,-1.1728822097601048,-1.619539207996062,-1.138087448689887,-1.2305718483287271,-1.2588558497518512,3
13,IgG1,2.0,-0.8457862928047816,-1.1427014890220133,-0.6227675756356276,-0.03304869892141009,-0.04672863853115767,0.15473339753553803,-0.03814280548163293,-1.32403886086065,-1.2864160804898528,-1.3518841319882948,-0.8802962564946394,-1.6247867340469393,-0.5828645405070066,-0.8398804469121801,-0.9230532110686204,70.0,,-1.1728822097601048,-1.2733505514932448,-1.3875744304948103,-1.5312778305536936,-1.5853701135079792,3
20,IgG1,,-1.0182151083547266,-0.6847590572477661,-0.6480268734951614,-0.04707770357720519,-0.2665677434870992,0.01110552359077619,-0.8877777949039429,-1.3227343846810566,-1.28663093973085,-1.35274398894147,-0.6683977164484924,-1.6198797069977418,-0.5826536627886404,-0.6979049565513772,-0.8904115631136142,0.0,,1.1358182880386858,1.7970438206540544,1.2504146938125984,1.5312848172026579,1.665724837031402,2
21,IgG1,7.0,0.4994994263010409,-0.6171340697484643,-0.11179317797525268,-0.621496971355643,0.11136416565924523,0.0734261806271386,-0.2641054975424575,0.9668663169296381,0.9462923395519073,1.1564565292033961,1.0061889473935142,0.6672933188725871,0.5084034062253222,0.3901888517087244,0.9167999127666481,0.0,0.0,2.3922456335447255,2.307749381045447,2.104055983274672,2.08466110147118,2.031511853328493,2
23,IgG1,5.0,-1.03121204280575,-0.8558627961374288,-0.639119049208082,-0.3877988265273505,-0.3564539255183683,0.062299284314024594,-0.343748844061825,-1.3336079739058666,-1.2864434430790397,-1.3545156291836922,-0.8806190264561781,-1.6254455827408305,-0.5841061481649676,-3.1643225966316373,-0.9097013703121032,,0.0,2.7660732132215697,2.3728067210825534,2.1995721945617484,1.9440340124978701,1.7553941797015862,2
28,IgG1,6.0,-1.0133723816817735,-0.6031334965494769,-0.6856360045544868,-0.7279097037905566,-0.41547699049747777,-0.09897425330413483,-0.5536926601142999,-1.332743994142135,-1.2866263787478753,-1.3529571367692093,-0.8806879287210746,-1.620880622665127,-0.5847100911030481,-2.7989119717463935,-1.0014682389112628,0.0,0.0,1.0600157815286348,1.1596441646561186,1.33764465922858,1.2315997613605059,1.144498507515607,2
30,IgG1,2.0,-1.1117575497937424,0.4592917024781117,-0.6135299040710396,-0.47852604709934826,-0.3791269059069358,0.26884476864803014,-0.3307365393805815,-1.329148985337451,-1.28588918606563,-1.3514202272427889,-0.8809220682033442,-1.6252909749806186,-0.5833003444706815,-3.6053678971447023,-1.0145029537752006,30.0,,-0.5321565924576336,-0.5808145920242676,-0.6524180009065998,-0.6792159026463684,-0.6818147933103786,3
32,IgG1,2.0,-1.2342324036617047,1.1200443146865338,-0.5730820547650071,0.8859374387462364,-0.2531799635766201,-0.030887179987413617,-0.9528477698091071,-1.336619652559332,-1.2864013859538752,-1.3563392797459906,-0.8807046789292801,-1.6226280300555886,-0.5835354408949773,-3.3710319695867805,-1.008647127566371,10.0,,-0.5321565924576336,-0.47886894242846256,-0.31820356044869785,-0.2485790764383192,-0.20400674158861987,1
33,IgG1,,-1.0272771471352893,-0.6357785696369926,-0.49462154781001927,1.0841669736030262,0.17158642584543343,0.0746309167121809,0.4080813457685172,-1.3183963850557492,-1.249835479632804,-1.347979833097787,-0.88060532252206,-1.614571335593829,-0.5822522980622111,-0.7721060169438028,-0.8724520775476332,,10.0,0.2360592275245236,0.12524117649007527,1.4881439977142712,1.3414731125420554,1.2283121943669926,2
34,IgG1,,1.00882019155149,2.5140638523072303,1.6692678299115244,1.3390497755795046,1.9074700653183105,0.29744585878618846,1.042466916597903,1.0592166314306792,1.0770727442880446,1.2047859335302544,1.2376983253262956,1.282291041983697,2.096855031098658,1.760391712090142,1.2992018248139465,,0.0,1.0796932547090061,2.2821330916847997,1.8242627061414358,1.877923816366537,1.872166443944048,2
36,IgG1,,1.2564146614727967,2.042922384420567,1.851898907015241,2.672154312445637,3.3133795495412732,0.2439514114656758,0.3754891727763761,1.0815234610695728,1.1081839302258243,1.2516641539175786,1.214809307016311,1.3444071636397326,2.4382076144988063,2.058521132305382,1.3758576624225813,10.0,60.0,-0.28981148388508127,-0.28055837537188927,-0.6063350574864158,-0.33324604684198306,-0.16667084043418548,1
39,IgG,2.0,0.2022577598425533,-0.7896975294791859,-0.557839975450851,0.7034603991358388,-0.06999717937089298,0.5606580534660863,0.17894909143582016,0.4725639517483412,0.56346370238978,-0.5399892738866642,-0.877348541616357,0.21814169384178966,-0.5803063823697778,-0.5038109488713609,-0.7436060423668622,40.0,,-1.1728822097601048,-1.619539207996062,-0.8637425737039235,-0.9634937406484189,-1.001346692651825,3
40,IgG,2.0,1.2163884450131475,-0.08807377387425262,0.053797993576297214,0.17119277954026302,2.0335893785489483,0.033122273657113795,0.2735293069810071,0.9424489944859904,0.9508229422896093,1.086473609018329,1.0744991088371585,0.9064577653409902,0.9788780021656208,1.5664234873833207,1.1268532676714333,0.0,,0.7396529728773991,0.6890739408814308,0.5412334945331841,0.7363154506351463,0.8345901265270527,1
42,IgG1,2.0,-0.667235604836528,-0.4913108358556824,-0.625772015856175,-0.35231146571469035,0.08883661106916252,0.17879624266436903,-0.6224107271299668,-1.3163087383659273,-1.2852333370031483,-1.3463682633642327,-0.8804819928443332,-1.6234954754886273,-0.5807555545291592,-0.9998898234166588,-0.939486819056092,10.0,0.0,0.1481921424192716,0.12524117649007527,0.7485281927839728,0.8276841089916951,0.8565395215849879,1
43,IgG4,2.0,0.8317703946606332,0.56209689747193,-0.34519045214149063,0.374572610272072,3.5215882167788264,0.05832526996681899,0.9125531200095305,0.3484006052791962,0.17277864157405032,0.3907086367294237,0.20180892513961066,-1.0621077811675015,-0.4808393785662164,0.4181053710313154,0.31643788872398987,0.0,10.0,0.12228176515486218,0.0011402424646747519,0.9352564507109525,0.8826944658743721,0.8360895983509554,1
44,IgG1,2.0,0.9478281586708064,0.7344306231578701,0.163249886361777,-0.4918927395401464,0.7423732764254671,0.2268904994707371,-0.4884833346312606,0.8318694620414474,0.7548809103551587,0.9615347624855259,0.8076354514070958,0.4019227083767244,-0.0961096321026854,0.7148712631590162,0.6713538272199588,,30.0,-0.21179378461145096,-0.17234054236357524,0.4947729925400302,0.579639863649846,0.6146990130803833,1
45,IgG4,2.0,0.7971545828567409,-0.41021039156194683,-0.22348709134709657,-0.8059799975869593,0.12234762903344282,0.061908748249185394,-0.8147577888489167,0.7033434468068706,0.6999530800626599,0.7434486733357618,0.6295663803713576,0.06997240760384366,-0.4615972172546129,0.34628410417511685,0.3845638938090295,10.0,30.0,-0.5321565924576336,-0.47886894242846256,-0.09553552207863786,-0.2145459393684821,-0.2796279546460042,1
49,IgG4,2.0,0.6624813134565909,0.34573483487441936,-0.15712384273849778,-0.9027153601351042,0.5517917102744277,0.16402088881504012,-1.0059209956370168,0.7968023856269593,0.7745866456770696,0.8721307311573074,0.7433515524420611,-0.22351099895799206,-0.2007611288874237,0.03447173023731163,0.6545911243181325,,0.0,0.8689276577059557,0.7492809167006684,1.189635096436675,1.5235827605343268,1.6899970295208324,2
53,IgG1,,0.37040082165712795,0.9818049617783653,-0.43154668898346055,-0.853608186802589,0.17660423588618784,0.7709664661360218,0.5112990852284117,0.6500641121579299,0.6396697262843241,0.6702479731040131,0.6523461972753108,0.19687258154963416,-0.3918817335612355,0.2547624458074366,0.5597030502240989,,0.0,0.8176706721510295,0.7293512962245782,1.595791064262334,1.5138716995076222,1.436037100860625,2
55,IgG1,7.0,0.01911137633702257,0.2435390500429512,0.693467939858932,-0.18734661203189337,-0.24496785534106078,0.0764130379446577,0.4522695411806211,-0.3103531029156647,0.0005554230767408244,-0.9158901947906603,-0.41357070231705484,-1.4721092050558753,-0.574925908430661,-0.4994840942869555,-0.17874487985560059,,10.0,0.12228176515486218,-0.04781597475924055,0.2699667640099344,0.1695628185360547,0.10746107793280722,1
56,IgG1,7.0,0.6776404487873244,-0.7157091982844188,-0.40110204493599977,0.7179511750625549,-0.13509911960880977,-0.03808029530611082,0.6558361689994474,0.6471503245802305,0.5300289883508811,0.5114259655960027,0.49486896624426946,-0.3370527061138781,-0.4924142206649391,0.49213371941514883,0.4357065764262162,,0.0,-0.5321565924576336,-0.5261883475241015,-0.10366478934530375,-0.1608474598764166,-0.19176384438245836,1
62,IgG1,7.0,0.8688641054118829,0.4678665712088397,0.1484964025795023,1.325860592350427,-0.04265722013344627,0.24583713577150013,0.5879286868824423,0.5704388192466295,0.5088002274031878,0.6779814563075216,0.6761671139934865,0.4514110838162268,-0.19612218786256883,0.6275695924141441,0.7939230617105726,,0.0,-0.28981148388508127,-0.47886894242846256,0.14331973775065895,0.159505358170803,0.16584019203442293,1
67,IgG1,2.0,1.28999024149954,0.37080175266042126,0.08116551776275442,1.2523562772616466,-0.018353676142981674,0.42948643463978176,0.4155400784925401,1.0243795648393068,1.0161600912099922,1.182725923998812,1.1298658410848967,1.1451922315051681,1.7281888953115256,1.4446203911986848,1.206015057238298,0.0,0.0,2.0689371761218074,2.1150653144225884,1.1400922355313021,1.1068513694318036,1.0656513481647745,2
68,IgG1,2.0,-0.5166851804827749,-0.8422304976461764,-0.6470857586279581,0.9923646018745866,-0.6311355075548407,0.1744534686626345,-0.3012391507704144,0.7004579745613654,0.6481302900979237,0.7575092588571244,0.5699576127926902,-0.4966665041485368,-0.4136679035633033,0.21408631122704272,0.4711345533040216,0.0,,-0.7745017018352388,-1.2157588580691343,-0.33072209204615094,-0.46088272152490906,-0.5268517795679534,3
74,IgG1,3.0,1.2527299502948162,1.1541186322499897,1.3026182686748184,0.03067612401169721,1.1256412065573305,0.2743660753285083,0.7239895628449227,1.0341256259232472,1.0201976097613592,1.2024516549835242,1.1932685342541678,1.3064260232680998,2.345880893966625,1.240625587621951,1.2890333088799528,0.0,0.0,0.7487347849260728,1.0157423710800526,1.0354815612841475,1.1235743709913477,1.1523338133579093,2
78,IgG1,5.0,1.287349273923378,-0.7886185997387419,-0.10701486429217018,-0.095605638774749,0.4406219348429185,0.26122142581840907,0.15854015516918857,0.8677130891971729,0.8756595618762474,1.0091255454260593,1.0663398337133523,1.2297969007817102,2.230917405550354,1.5954522746503075,1.3035348824591588,20.0,100.0,0.09429642650852378,0.12524117649007527,-0.43613516007728975,0.5186332665561665,1.069965244874985,1
81,IgG1,3.0,1.255611396159497,2.189473948696208,1.4363300093485896,-0.3425385835938858,1.3638604043807283,0.38635126934800695,-0.4010263946740948,1.104275992796295,1.0814324454072608,1.2819098415513572,1.2364998177487267,1.3083785518054627,2.4580958778437503,1.607071253442831,1.330293105447826,0.0,,0.8356043513675476,1.0667138434157943,1.46362179141289,1.6459015040425662,1.720323767720494,2
83,,7.0,0.8147428836696239,-0.5293429133904326,-0.6050036615090433,-1.082822113691583,-0.6958555758925928,0.3440231746297279,0.3260954544231981,-1.2873473006354819,-1.2788485658573454,-1.347697445888599,-0.8798091902880465,-1.6158520942889214,-0.5801883972542153,-0.5109930662499094,-0.6284005839368967,20.0,0.0,0.8320904518917726,0.9038697659073144,1.2356084468183783,1.0281105211261339,0.8854629502765746,2
91,IgG1,4.0,-0.1977237877081275,0.14055138884604268,-0.6172911803542874,-1.1607338522269541,-0.7167647444702986,0.033842689946460794,1.0138737191829208,0.1377718612987101,0.08725119926248381,-0.24016857863004462,-0.29110787643988584,-0.9671506264253118,-0.5664020929947636,-0.20612951899783188,-0.18087802913884718,0.0,,0.690327650875773,1.0954695732034854,2.1995721945617484,1.9440340124978701,1.7553941797015862,2
93,IgG2,1.0,0.7368226833736686,1.6677806624326368,0.08255369807604541,-1.036528866167364,-0.09271786407848648,0.0005640026240140883,-0.5873564234916028,0.6369155200366033,0.7092901557463837,0.7898340694725048,0.6884155197132394,0.622899415820317,0.0014901213163124993,0.6454808083016783,0.5702556468679264,0.0,0.0,2.7660732132215697,2.3728067210825534,-0.25829523110257147,-0.40703584950970895,-0.4867641958718974,1
94,IgG1,4.0,0.47441188040789195,0.705126787836368,-0.5731537589278147,-1.1436305743611008,-0.7996710946739444,0.27326450744275316,-0.24836075632132623,0.564144791626637,0.46261418064708415,0.6882232358303709,0.527590580991768,0.14039691130801654,-0.17020302192627632,-0.04856422813494867,0.5597482554995467,0.0,90.0,-0.28981148388508127,-0.47886894242846256,-0.16215478581136905,-0.2666748813908575,-0.3220587269145203,1
95,IgG1,4.0,-0.16223182995504112,0.5378181885016519,-0.5553020046045372,-0.9873707118278882,-0.9507985890531733,0.1281538259738929,-0.4197577031220071,-0.986563347451673,-0.9526820200154881,-1.2644973871454623,-0.8698909819197896,-1.597971503389715,-0.5816339063249156,-0.6557757176971059,-0.6496542600469,70.0,,-1.1516860177309516,-1.2157588580691343,-0.02189992578456065,0.12292023899308462,0.20451917450099702,3
96,IgG1,5.0,0.3034142491336544,0.37745819468897446,-0.14861393212656587,1.1120205245285106,0.6037870455228189,0.0981652360578495,1.1137266338914162,0.9985100342243218,1.0172588321318994,1.1725346110700408,1.1171276122582865,0.9638932936179062,1.2602267690151228,1.103916857081608,0.9978055878723945,100.0,,-1.1728822097601048,-0.5808145920242676,-0.3421729017299447,-0.1632564586007103,-0.05469927834340658,3
98,IgG1,3.0,1.209676615532075,2.4205894743647116,1.7211016151876208,1.2202444145966604,1.3929636468289561,0.46565236273097155,0.8136502533234676,1.0214019199899385,1.0827186854185444,1.22209356027028,1.244943226253199,1.2910618506907545,2.170063181954457,1.6690343327075392,1.3237713628259093,0.0,10.0,0.2360592275245236,0.26892549986244785,0.33233376868745396,0.214581583198204,0.14080152507759763,1
99,IgG1,2.0,1.2982398975697955,0.40913401445068637,0.47362490069604013,0.9399136528866731,0.19803875335105095,0.10528847578639221,0.19329965152557838,1.0588707784615092,1.0417902919943798,1.2171644354612534,1.213704773265296,1.2817954564916347,2.375224261697745,1.980752946493393,1.3690543955559924,0.0,10.0,-1.1728822097601048,-1.619539207996062,-0.18694537215165094,-0.2283969110472178,-0.24694345627060788,3
100,IgG1,2.0,1.2896760964735061,-0.2162044370472233,0.1605852849038315,0.26858718121972264,-0.07720698796120108,0.16632828633762622,-0.002006634871373927,0.854561993814037,0.8439442354149216,0.9537518960705982,0.9400283919929864,0.936809826961231,0.7958428683192068,-1.5081278556588604,0.831039275531162,60.0,80.0,-0.7745017018352388,-0.8264445633605148,-0.8252194012637307,-0.925573150441365,-0.9662290251337012,3
101,IgG1,4.0,1.2280300124993668,0.7034322648023821,0.5022735872577765,-0.01643395482797569,0.4094971451810571,0.1641351710560355,0.5151340985523615,1.0677602098342927,1.0062883014151518,1.183057739318893,1.1902709802934526,1.119052920226576,1.6288558064197216,0.997627908081933,1.2277014194617395,60.0,90.0,-0.14804868286908154,-0.13687405281548184,-0.12126803691935335,-0.05506075523159159,-0.014385503579770777,1
102,,2.0,0.6904241041653515,-0.42599341683015346,-0.34149853847848793,-0.5109125676369466,-1.0348153842117158,-0.03300688596746762,0.11917847585304177,1.0818131963910298,0.46595663526066955,1.1562744462170313,-0.8794131870389705,1.310322886291547,-0.5747994043847001,-2.844923994815814,-0.7744505185603109,0.0,10.0,-1.1728822097601048,-1.619539207996062,-1.7174812476036125,-1.3578752593156949,-1.1223461416212996,3
106,IgG1,2.0,1.0241685574875041,0.2273139245389162,0.26746251339236915,0.07890736455449261,-0.5757863010780817,0.053862720496568796,-0.20307221716507542,0.8568794101901444,0.8146999397498702,1.0592640387723649,1.0679628710104572,1.1180936234621521,1.8748888923462792,1.348324804898556,1.1533680793674965,80.0,,-1.1728822097601048,-0.970128885916922,-1.9173581214281565,-2.042187710173443,-2.0738356776167493,3
107,IgG1,2.0,0.40736849385334356,-0.37719039200088095,-0.37600067107704777,-1.103345785665201,-1.0833346807058895,-0.03254453896947112,-0.5361646435581415,1.0639108075228967,0.6967857555554774,1.189601518083253,-0.8789655765230259,1.252618309362684,-0.5743263544444963,-2.6813578524904282,-0.46144824515458543,30.0,,-1.1728822097601048,-1.2157588580691343,-0.7815711410812222,-0.9479173748537978,-1.025665678717982,3
108,IgG1,2.0,-1.5874879550951175,-0.05306456297061701,-0.6703214600888279,-1.0586368490703622,-0.7138565058772101,0.25786243764813704,-0.10132881902839613,-1.3105508961526113,-1.2819185922613265,-1.3457678851445263,-0.8806247364663086,-1.6066813788304186,-0.5824961550559029,-0.676572197713723,-0.5069859773684234,30.0,,-0.5321565924576336,-0.6454237256933172,-0.6840287955999669,-0.7246466352086754,-0.7335016560063343,3
111,IgG1,2.0,-0.7109661208306597,0.5859036903281496,-0.6138303917308607,-1.2018456134062125,-1.083474542277622,0.14314071247731072,-0.4027381417276966,-1.2573198473358196,-1.166832809317745,-1.3357157320745916,-0.8654512071464944,-1.5210889043253073,-0.5815920103171277,-0.6858498369284455,-0.9144343342953856,0.0,,0.1723141257821542,0.0011402424646747519,-0.2789882523979882,-0.46039651575441815,-0.5586103525982244,1
112,IgG1,2.0,0.29516420752163236,0.4481139272562282,-0.5253337018066717,-0.9325517200344646,-0.691864981718101,0.05454150866326139,-1.4796559313505502,0.6503471014801346,0.6318760067742868,0.654728143224167,0.6205816120584551,-0.5545406984853359,-0.5116728084519053,-0.18731003881151617,0.4256511165710613,10.0,,-0.39039379144163366,-0.28055837537188927,-0.6873252229056112,-0.8183951083907373,-0.8791674357999907,3
116,IgG1,5.0,-0.22495024105669081,0.5238101664182383,-0.40880413266807036,-0.8401521927750477,-0.9831009558642195,-0.23597427201212673,-1.2194235232540593,0.4436795633527959,-0.36043194051296357,0.7137337306340387,-0.8803232781571999,1.0344477318146859,-0.5778517831695481,-1.5922005018010228,-0.9202377549588555,30.0,90.0,-0.5321565924576336,-0.6454237256933172,-0.3809146712652492,-0.5109017584214869,-0.5771569005881434,3
117,IgG1,4.0,0.5664174601940759,-0.7796575296806085,-0.03899649083877668,0.9099913861143712,-0.03443817509017357,-0.04001124763657442,0.474685872367412,0.672755913706956,0.6783015500352026,0.6636672918491938,0.6040417766069177,-0.5177616922661534,-0.47785098732071163,0.1690253866756732,0.4083541999639247,30.0,80.0,-0.5321565924576336,-0.5261883475241015,-0.9693143198075785,-1.2074266933578028,-1.322241472711057,3
118,IgG1,,-1.1011062431264687,-1.0401613048265683,-0.594642588486806,1.0949442046236775,-0.31359336750617567,0.2964852099660458,0.9215970737003595,-1.2678041509046432,-1.2836689649689772,-1.3489435682707365,-0.8805942833343936,-1.6201378528187456,-0.5805652142830974,-0.4858605013538351,-0.8864067138759074,10.0,70.0,0.6740628530238237,0.6104086643038094,0.22567134869330566,0.1717658656182523,0.13608445129985913,1
124,,7.0,1.3839926433974739,0.5330672176379444,0.6087150573458231,1.18544103020071,0.4405912470196216,0.29691320636624974,0.7502043309841127,1.0381093637481589,0.9777824021864749,1.1836269829958,1.1656047234264817,1.1749398933098287,1.6352646155378316,0.9148955739908644,1.2148906280890261,0.0,0.0,-1.1728822097601048,-1.2453067275962664,-0.8252194012637307,-0.8548788989650166,-0.8567989071588057,3
127,IgG1,7.0,-0.4891290611384411,-0.1550412179276491,-0.6136481453388226,0.40181199585926813,-0.2714636087276099,0.01923029891687979,0.6720015338374007,-0.7561311503300902,-0.8022718874990377,-1.1252829804962357,-0.7724493271567043,-1.606791920402299,-0.5813876219267023,-0.6581315997769083,-0.6512106610775508,0.0,0.0,-0.7745017018352388,-0.970128885916922,-0.49138913795389066,-0.7337907988302308,-0.8610091649629129,3
128,IgG1,7.0,-0.9137810680649194,-0.5573421337289916,-0.5851319789079794,-0.24666241853407847,-0.8754455161129413,0.30299072141336725,-0.05774765405447653,-1.3067440815879188,-1.2863517295277223,-1.344563930981162,-0.8802890254294744,-1.6178827209838178,-0.5825012357452092,-0.4028595555951171,-0.9240560424474029,0.0,0.0,1.7202557425065912,1.3163027607562017,-0.23744557148192894,-0.3669790163176537,-0.4345295625326789,1
129,,7.0,0.6703320395588634,-0.06148386837594982,0.13645073352099382,1.199488147779165,0.3258869927455252,0.5005199803851039,1.14468661724459,1.0475012393153011,0.9588220904943456,1.1412309165934649,1.1170997105663658,1.0707150023747474,1.1955320953538306,1.2353988796549382,1.0010027084747843,0.0,0.0,-1.1728822097601048,-1.2157588580691343,-0.5685468090795753,-0.5214281035623209,-0.4833024367590058,3
132,IgG,,0.5832164668598401,-0.2675730836717846,-0.2286661087538742,0.9076112066485951,-0.4062805209145598,0.27892471466828295,0.17666883620698637,0.9470448024747686,0.8075467381642328,0.9957243836480253,0.9070774775827278,0.7676325823993059,0.0915773063955986,0.7313044342518275,0.7468806703550431,,0.0,2.7660732132215697,2.3728067210825534,2.1995721945617484,1.9440340124978701,1.7553941797015862,2
134,IgG,5.0,-1.327670386586178,-0.784016729439751,-0.569445921399194,-0.5275774994769034,-1.1114552808446385,0.0827793944544923,-0.09208506601525103,-1.3229618675073167,-1.2863451425633885,-1.3483735798153897,-0.8803872187106577,-1.6223040634827397,-0.5826549330657576,-0.7530806657365426,-0.8914611587983385,0.0,60.0,0.1948787348701292,0.15607532361640417,0.15675332253925855,-0.09427629442529058,-0.23915432031019557,1
135,IgG,,-0.9465666336088115,0.03605277551878989,-0.5387071197538633,-1.2006162244304934,-1.2177050694301441,0.159082738189834,0.01711971212486997,-1.318706157789084,-1.2856951895733464,-1.3491434345722677,-0.8809087421946593,-1.6204283956874537,-0.5821659396034371,-0.5456603051542085,-0.8332243430123044,0.0,,2.7660732132215697,2.3728067210825534,2.1995721945617484,1.9440340124978701,1.7553941797015862,2
136,IgG,2.0,0.38795777649765156,1.5161195847799083,0.2747903534826581,0.7630349100725876,-0.002806151041950872,0.20758680825083023,0.3037059040215019,0.9304271877799468,0.8117378659529629,1.0190196901764816,0.9574847160554624,0.758156671360092,-0.19978410687027912,0.676770171752172,0.6996147849992347,10.0,,0.47840433690212886,0.34149831994937885,0.3891402979004963,0.3589206322621905,0.333669743585101,1
137,IgG,,-1.6869614067681677,0.6197354211739384,-0.59676575958741,-0.9753939488621246,-1.5153231994812597,0.151321981064262,-0.3646451433910616,-1.2866558755290143,-1.284584329211906,-1.3493038405082778,-0.8803659048848472,-1.6184135477389674,-0.5810994846139952,-0.4308097100194311,-0.9664053789855965,,10.0,2.7660732132215697,2.3728067210825534,2.1995721945617484,1.9440340124978701,1.7553941797015862,2
140,IgG,2.0,-0.8716575545197256,0.38881540863533104,-0.5891111719556512,-0.5417299291931399,-1.4797616028366223,0.01153000529540869,-0.5303301972794751,-1.3251465622266594,-1.285204981859958,-1.3471950601201808,-0.8804207124878037,-1.6199442333547263,-0.5817202404271395,-0.6430041639493032,-0.970622350441294,,100.0,0.1481921424192716,0.36682117193913627,1.1606181180443886,1.4487962947788808,1.5907026150714867,2
142,IgG,2.0,0.4979499871062434,-0.7923964799109293,0.41056560390550184,1.634141312894785,-0.18341051725148616,0.060009993621685694,0.7822707068982069,0.9244803905196445,0.9059191794101676,1.0277538129850656,1.1111527754925974,1.1816735186300142,1.2884743525194302,1.4393293626366541,1.0556320432693134,10.0,,0.1948787348701292,0.30946899772777386,0.35626280278855244,0.32121644973530783,0.2948652338164642,1
143,IgG,1.0,-1.1813841550487736,-1.5580649148903314,-0.42496269920055596,1.5251587852787991,-1.2480340937855499,0.0703708392307017,0.8857742917622519,-1.297083980862574,-1.2763169904813616,-1.3433586203766092,-0.8783630190564031,-1.617376447270944,-0.5825075866260875,-0.4183510385405654,-0.8730245128892055,10.0,0.0,-0.047466374507476025,0.05412967483656425,0.7543834512544008,0.535309412729359,0.3960272114172815,1
145,IgG1,7.0,0.6919296845745104,-0.9631312876352613,-0.37767350806701055,0.7704206554857526,-0.41253649594578007,0.20491062327696172,0.23248190026731547,0.5706692210146243,0.5198845818072303,0.39202040764410057,0.47229221326583576,-0.2952754480083387,-0.4463684059186047,0.4117231809970674,0.570169058850833,10.0,10.0,0.03055132476615428,0.07328942978863695,-0.06078934853899845,0.08153199285014182,0.16288340492782033,1
147,IgG1,2.0,1.1770323234720241,2.061513922538832,2.718721268245598,1.6530491472760453,2.224337616713086,0.30777157399896754,0.9217459155969745,1.1023568022142936,1.1145768263861724,1.2399958691389439,1.2275133347841116,1.3191125951996814,2.701013946828304,2.1862534657924133,1.2875431534016,10.0,,-1.1728822097601048,-1.2157588580691343,-1.0436995029875746,-1.28777266588672,-1.4060811474929402,3
148,IgG1,2.0,0.8230964652611599,-0.03946549578243541,-0.05338758099623878,-0.3375660197782252,-0.20147823725379888,0.0746106824227674,0.9881917011702717,0.9124416973047464,0.8926976966618304,1.0826223991078585,1.101383814461691,1.1046920611654805,1.653473881003998,0.5606381822456448,1.2255988668680744,80.0,,-1.1728822097601048,-0.970128885916922,-0.9006281645294496,-0.9747469899478443,-0.9978171503066336,3
149,IgG1,5.0,-0.7335577731332481,-1.3614437960783596,-0.5827568338717857,-0.22585855230785648,-0.2601370223115924,-0.19805334984326475,-0.09229299004512163,-1.3048780786281584,-1.2827606824046096,-1.3430271614016676,-0.8800865699965946,-1.614547346675146,-0.5807707825786667,-0.23104683151316607,-0.8845054103177088,,0.0,0.09429642650852378,0.07328942978863695,0.15895093431659646,0.28744092379306024,0.3581497446084307,1
150,IgG1,2.0,-1.1556565333610669,-0.6081800981653757,-0.13981245591180688,-0.3399791568791098,-0.778639695000439,0.01458876750834319,0.19112109334038216,-1.3050424830797311,-1.2835748767878512,-1.345216623355459,-0.6094351923207684,-1.616148647610863,-0.5813635030186836,-0.18070566374301508,-0.8848400602676264,,0.0,1.0231785749093991,0.8519180183899108,0.2614747051309506,0.3046639765622766,0.3241726977612287,1
153,IgG1,2.0,-1.4141649327329704,-0.11013838946579373,-0.40942814119456966,-1.0047516202673359,-1.8819489908340326,0.042813405830294395,0.22887819644797916,-1.3087666032394227,-1.285128526677436,-1.3468563314743602,-0.880569159973901,-1.6138840218833719,-0.5819830759183667,-0.8095406058560756,-0.9657771752181078,10.0,,0.1723141257821542,0.012391001059996753,0.2614747051309506,0.1695628185360547,0.11334370855328163,1
154,IgG1,,-1.5297926920067675,-0.2472978290382267,-0.6068903632482644,-1.363623887712065,-1.5288651969856697,0.40650064290071425,0.21978408405287866,-1.3044186410227319,-1.276563273753362,-1.3441004563896892,-0.8805074953578633,-1.6182526430404127,-0.579602387022844,-0.38262795715991726,-0.9133103733596796,0.0,,1.0600157815286348,1.0163943843161278,2.062045892724716,2.0354966244265085,1.9785771021975125,2
155,IgG1,2.0,0.5537721319035198,1.3816179159289554,0.37628582919408604,-1.1237722613620091,-0.3169886374454335,0.32865162322456437,1.1840623928909721,0.6478522285905556,0.6490210797072253,0.7739314851440963,0.7484663951533022,0.49130744823055367,-0.25139719270241534,0.5590204467713971,0.8515836192245932,10.0,80.0,-1.1728822097601048,-0.8264445633605148,-0.29488401652620366,-0.37884547700511007,-0.4224250926522154,3
156,IgG1,2.0,0.32962577411756866,1.2004833729598727,-0.1920195343728435,-1.545179233439877,-0.7542085323137613,0.32914978418191926,0.5180219355698145,0.4404330019659035,0.42991792574557014,0.4863662735594974,0.5830260345091041,0.21285245766203695,-0.3331502940028283,0.19991072532218992,0.6315490922751341,50.0,,-0.5321565924576336,-0.43713026946786016,0.06333558321391984,0.3078669087192075,0.4454248361125982,1
158,IgG1,2.0,0.1499829189077672,0.7023130199928564,-0.135683726982298,-1.1882094700894454,-0.8674750089456823,0.03034813574492869,0.047089215240841274,0.11669448043545032,0.24556082440341942,0.2095984439003284,0.3147889951424266,-0.7043277874707828,-0.5213954079157966,0.13580677170556113,0.3884360435642601,20.0,,-0.39039379144163366,-0.5261883475241015,0.3775996063089355,0.3553685046576536,0.3346570709120959,1
159,IgG1,2.0,0.10152781323662607,-0.7342683052823551,-0.25668848302394454,1.1035089019442685,-0.47984409706473047,0.1117679429307782,0.339791430029136,-0.2093094756871477,-0.22268491313532637,-0.7101275678798715,-0.4618690059301293,-1.6056952750468434,-0.5805411058891445,-0.5642923571585191,-0.37412789269418223,,30.0,0.06387463110456229,0.08249434029246876,-0.32095328535444695,-0.21728027164749708,-0.15230355532672019,1
160,IgG1,2.0,0.6021642025731364,-0.3007410098398378,-0.11421875661342878,1.241541118778693,-0.29223133733370676,0.22596829526939652,0.23368952718984487,0.6852034989840651,0.7240818673558952,0.8105217131378469,0.8641845371879747,0.915354347528438,0.7096168670181295,1.3372766318688787,0.9812327762497627,,20.0,-0.39039379144163366,-0.47886894242846256,-1.8177381333138247,-1.9457084605485357,-1.9818006885176425,3
161,IgG1,,1.0549494074880832,1.086044472368886,0.7272044098618943,0.9770273339740863,0.2733633833297071,0.04873463640024699,0.14988867596779507,1.0355831241038436,1.0138371268132942,1.2083414909000103,1.1523275643340738,1.1712108192301884,1.729390990397833,0.9573001793975876,1.1942783028585493,60.0,,0.2360592275245236,0.17755881907965115,0.22567134869330566,0.3386352820271826,0.3977283303673981,1
163,IgG1,2.0,0.9056740978382952,0.8084947056423313,0.32457768510978297,1.101718173018984,-0.18986449046377465,0.2436039768616392,0.13393521481382437,0.5298949501455872,0.6463298918721591,0.7326737288873915,0.7460778516275917,0.8426329205362358,0.2376591804270826,0.8032640625610823,0.8539164671020215,,10.0,0.690327650875773,0.9074312944753838,1.4587367402833997,2.136366900947462,2.491840726515963,2
164,IgG1,2.0,0.8992968286377105,0.8075974645447127,0.1835709236937851,0.23703635920090513,-0.2537975303081605,0.0542592741232986,-0.014809571569437926,0.5922518293285151,0.5086777231271682,0.609507687294154,0.6576263361303045,0.5370523597438779,-0.0615416188162164,0.5017041445802202,0.7227740741286447,,30.0,0.03055132476615428,0.012391001059996753,0.378897728089834,0.36244333023147074,0.3448864429425983,1
167,IgG1,2.0,0.8473320887809082,-0.6096076523091655,-0.43979612663760553,-0.5438834046711327,-0.6693486018222135,0.1958385644200273,0.2683735164055604,0.2190690633066663,0.19523818138837792,-0.04493892909274633,0.05672432240359525,-1.2876475717748168,-0.5668063968780597,-0.15139584085490368,-0.0635782525943074,,20.0,0.09429642650852378,0.023295527710235454,0.6318273165189647,0.4164033536137615,0.281651542038824,1
168,IgG1,2.0,0.7471900955424232,-0.2116124084595345,-0.32689594045665615,0.0725919120373306,-0.4738862524267029,0.253007323439337,0.655604387422957,0.861649066714822,0.7767375930207456,0.9121465267292721,0.7739779979103129,0.13601787834569265,-0.1379402815058241,0.6005865023394411,0.6392209146217469,0.0,,0.03055132476615428,0.05412967483656425,1.0017470127518309,0.8722470794854812,0.7784266515299673,1
169,IgG1,2.0,0.5321254366491631,-0.4072145394114419,-0.34301974171642324,-1.3202361931468183,-0.6988852375237029,0.13428819980664972,0.3089818674902127,0.895203143652304,0.788747213486213,0.9443134855402258,0.8580988146908889,0.13037904623295604,-0.1202402293092497,0.6418270702232138,0.7270477872645712,,10.0,0.2160749260942297,0.29975964617281137,0.7092163697909478,0.756227521289904,0.7679979867244116,1
171,IgG1,,0.577753851906004,0.7046545394756232,0.09635877601450231,-1.0528782591726347,-0.5246682541636062,0.2352287591439755,0.17635568382295116,0.2886142913586451,0.38867748117486733,0.2690427498799445,0.3900687151557985,-0.27404243568203573,-0.461932004901667,0.5624793437178554,0.3055981834815258,20.0,,2.459389525865968,2.3728067210825534,2.1995721945617484,1.9440340124978701,1.7553941797015862,2
173,IgG1,,0.4099799182314345,0.5638940194930342,-0.05335725363483628,-1.0707664196317175,-0.7498787141282296,0.0006317864985239883,0.17362873506965318,0.6177450912890555,0.6506752617258187,0.8404193830072203,0.8053328937495405,0.7184048601197937,0.371223674908803,0.6735423671350447,0.8900002523782927,20.0,40.0,-0.5321565924576336,-0.17234054236357524,-0.06078934853899845,0.043175265434694014,0.10320824811376243,1
179,IgG,2.0,-1.8661314983513662,0.7733908643547391,-0.6188953528411086,-1.457274918483445,-0.8323525299894978,0.1768589089826033,-0.5288268666005502,-1.3212140922814397,-1.2856318797428519,-1.3562391969016807,-0.88073627643081,-1.6221583338577275,-0.5825152077113713,-0.5010061776057622,-0.9080057554507556,,10.0,0.8320904518917726,0.9347039130336432,0.16547539088016397,0.25166048779498823,0.2975666004550864,1
180,IgG,1.0,-1.1363446880312107,0.04207064852903069,-0.42546655981069365,-1.1546535011270447,-1.0219267573128303,-0.04039879311531192,0.08773821420681427,0.2804270597346627,0.8257755033882601,0.2791164126424156,-0.3847804265281438,0.7816185424639197,-0.5808316960061827,-3.4002349210395195,-0.6403421852014225,0.0,0.0,0.2549627549272416,0.5198844307730085,1.215015239149222,1.9354440786151115,2.321301582140419,2
181,IgG1,5.0,0.5128633634366304,-1.047154793000935,0.13476272926547722,0.771119056948948,-1.0555139868176298,0.1060280997662423,0.7370151012873516,0.9349051479721237,0.8873332219752269,1.0251499317494028,1.0085791908356017,0.9784062637954566,1.2127900599210515,1.379207577403289,1.083009719856557,50.0,100.0,-0.7745017018352388,-0.6454237256933172,-0.40381498060610355,-0.46088272152490906,-0.4867641958718974,3
182,IgG1,2.0,0.770743173231854,-0.47764641479545394,0.7905540787259809,0.352984987735084,0.2922711254590684,0.1870674815667137,0.8456031418528275,0.7519047416158742,0.7989035479489551,0.8272013778628176,0.9247379873826556,0.8802620328669666,0.7205168866622856,1.2323964897999642,0.8813908474564627,70.0,,-0.5321565924576336,-0.5808145920242676,-0.3342669405212986,-0.40489815168645066,-0.4376109045972203,3
183,IgG,2.0,0.6720420425540307,-0.07170056993092642,0.1288892734335644,0.23647403739076361,-1.1214564696641431,0.25950996001422005,0.6313680753016304,0.4013511704250612,0.38340039638600987,0.4782979044286726,0.5323234917748565,-1.459989149879708,-0.1073295377933902,0.43106085340452444,0.4879542658983427,,70.0,0.09429642650852378,0.04414678485171565,-0.6990715202528556,-0.7051960106612145,-0.6952931573522293,1
184,IgG,,0.14305656615872878,-0.40419692009314934,1.0725250427474533,0.4712659382585582,-0.9547563575912699,-0.018710355578018614,0.10418367838949087,1.051323833838032,1.0783954912291067,1.0929271992490186,-0.8792850127993665,1.3809460860104061,-0.5333018141242314,-1.073461129977755,-0.9330181465653146,10.0,70.0,-0.28981148388508127,-0.23323897027625023,-0.5236913346813629,-0.027853998284803783,0.2627770729300712,1
185,IgG,2.0,0.48092087164385755,0.2515080808982856,0.03938920164376231,-0.3026490290676719,0.513679295260577,-0.019272675399446916,0.21237134516337416,0.7213059304144653,0.6843842211709819,0.6963751091655452,0.6129670213383253,-0.0011197274748394462,-0.3843733278160027,0.29674510214449074,0.3686485879179251,,70.0,-0.7745017018352388,-0.7244989145806748,-1.3424974979570827,-1.3826504548178258,-1.376238755788804,3
186,IgG,1.0,-0.980995435596022,0.023760438226554083,-0.6493530019816713,-1.1364206705165647,-0.6145591475095368,0.2293701766750544,0.21916922603056288,-1.3188162225419031,-1.2852130832795654,-1.3477979379998755,-0.8802578180811821,-1.6195007505155565,-0.5826180953766983,-0.6325088896205165,-0.9000003964213924,,20.0,0.5485648490547199,0.5303078040161997,-0.3020740225801258,-0.23406615824801869,-0.19176384438245836,1
195,IgG,,0.7780342465523723,0.06612396591234238,5.115624984365418,2.787641218595086,4.271425292577038,0.5595789053807884,2.4491072706161297,1.058205698862773,1.1472126776491158,1.2351548334357705,1.196190265706371,1.210007904529029,1.8772559933066664,-0.7781296651101222,1.0440370784610928,20.0,30.0,-0.5321565924576336,-0.13687405281548184,-1.0843765357824864,-1.0139703985829336,-0.953385239596865,3
196,IgG,,0.9286204758273883,-0.631726520578384,5.077206837837643,-0.04615824865332869,3.3229328500537636,0.2207894432111759,0.7764397651634631,0.8400294916411202,0.8065140738912132,0.9866411860943449,0.8658789238112878,0.7804492405176793,0.5919563460940825,-1.5685872847235638,0.6694509218897177,,0.0,0.1481921424192716,0.27425445943676136,-0.5942385578933986,-0.539182607963418,-0.4973237784848873,1
197,IgG,,-1.312246102167949,-0.1764547852652003,0.18433694088290192,-1.1865198517115425,-0.6643578810447947,0.00913312558292249,0.6678074895910597,-1.3326686285436766,-1.2820873801102877,-1.3627143127716346,-0.8804937924599591,-1.6176094424367846,-0.5838226795399565,-0.790926707252433,-0.8705629599513754,40.0,,-0.39039379144163366,-0.13687405281548184,-1.1444492007043643,-0.8815013993295854,-0.7086282914244474,3
198,IgG,,-1.485858701936971,-0.02105073614808072,-0.044355170866769884,-1.504013456899634,1.4233828528503123,0.04208147820117229,0.12460823105065727,-1.339226801645024,-1.2850799212567325,-1.3633733007882343,-0.8799899187446072,-1.6214948885305414,-0.5834655443024889,-0.8385003570099294,-0.8810056140623284,30.0,30.0,-0.09415296695833354,0.08249434029246876,-1.2773983240815878,-0.9463906689580542,-0.7335016560063343,3
199,IgG,1.0,-1.3678419806836648,0.002889373254062084,-0.6613321775914364,-1.3411881179219558,0.7427817266121256,0.0857828633960065,-0.11373893776632282,-1.3237403578957199,-1.2855275504583938,-1.3532352618091767,-0.8810557156919178,-1.619154248879239,-0.5845663987256184,-1.0171164531434487,-0.9202010595792324,60.0,,0.40280623255047926,0.48663795951586264,-0.6873252229056112,-0.5339512572875303,-0.4345295625326789,1
204,IgG1,2.0,-1.4565853895610117,-0.3000136352942173,-0.57581079516957,-1.3784187731861233,-0.35585934780740597,0.1772244471840493,-0.3017099408636131,-1.3287269832278772,-1.2825958697342974,-1.3478527539806924,-0.8807454131839294,-1.6203153905786996,-0.5827730725771816,-0.8391060537797788,-0.9188491172369784,,90.0,-0.28981148388508127,-0.39979375354110486,-0.32095328535444695,-0.3993899186607386,-0.4376109045972203,1
205,IgG1,2.0,0.504809677450718,-0.026461374291625518,-0.7762234909777371,-1.1951791106964653,0.4112723226851123,-1.7197544194954841,-0.15519685237591974,0.6200463945255231,0.8731713391047495,0.5282943344513864,0.7540012879968878,0.5388297311591029,-0.3827893726414769,0.3963434714367535,0.2293853331725312,20.0,,-0.39039379144163366,-0.13687405281548184,-0.8637425737039235,-0.7301095009733055,-0.6372790054508273,3
206,IgG1,,0.7546130972466006,-0.04419267819660641,-0.8184447734414948,-0.6897096752527868,-0.21942964550992516,0.19383005800692701,0.3659279268846521,0.6417282172100881,0.7393652821692379,0.2414700672021192,0.7290916830121315,0.5391487904983765,-0.4905006856803688,0.05260770366184443,0.6389788966857822,,90.0,-0.7745017018352388,-0.7244989145806748,-1.7136227484600792,-1.6486001924918594,-1.5778591774041304,3
207,IgG1,,0.6148560897732221,-0.03696298065690491,0.1505997354704637,-0.6017060100575663,0.3570530435706567,-0.7502679221858872,-0.4425893998698998,0.1904231826494036,0.1397679769062712,-0.219081631873451,0.3600778219079473,0.5423642382833707,-0.6931027979748551,0.05261374732822293,0.1647206327547824,0.0,,0.1481921424192716,0.023295527710235454,-0.8006518973418792,-0.6767839388204708,-0.5902880806380293,1
211,IgG1,2.0,0.43281808659434157,-0.6759185281729184,-0.8254472274156628,-0.09293705778627949,-0.3226087072944903,0.01284782871436639,0.9914503141512633,0.174577876492783,0.8687449709564881,-0.1802371346457432,0.6009147409854805,0.571014334470971,-0.7475292263474805,0.10764311072872702,0.919024318710438,80.0,,-1.0168468112128441,-0.970128885916922,-1.4065045163298038,-1.6261556194847995,-1.7224618567589876,3
212,IgG1,7.0,0.790739278542724,0.5049779904022765,-0.7675325392498135,0.30688667444032003,-0.11669329766779868,1.8813514430994402,0.9828440041066311,0.3144366776848882,0.6266769515665217,-0.2205250412560289,0.7181960357989826,0.539929612147336,-0.7387286514542996,0.09195926242378302,0.5206437234191109,0.0,20.0,0.41465923515975933,0.4161713509869245,-0.23575407730277884,-0.3669790163176537,-0.4376109045972203,1
213,IgG1,3.0,1.1180849424970232,0.43952587713913327,0.213673541240495,-0.441530266785864,0.19333634425886034,-0.23522275669409173,0.5745480306823327,0.9461069795505812,0.8226452770222428,0.7709492800757136,0.8929291222677657,0.5688335914737138,0.7862470406762144,0.305951287593349,0.8519301446935337,10.0,20.0,0.06387463110456229,0.012391001059996753,-0.20694564957542533,-0.30874288357613516,-0.3640303057966588,1
214,IgG1,6.0,1.218004403622479,1.042079105684212,-0.6567213389008741,0.1824523770917688,-0.4390241023821598,0.6243909459851967,1.2871452246466824,0.9283748989142596,0.7534108108972714,1.0096139860753446,1.0413498324109178,0.5752227380955749,1.1795670133921412,0.20106447737242442,1.0238725122869816,,10.0,0.9955338405127139,0.9949108888528808,0.7869158618041089,0.8369781885067263,0.8507974353661626,2
215,IgG1,4.0,1.1658126604044403,0.1672152125837672,-0.879397833486672,-0.4091414989711635,-0.658513974250464,1.5997418383401363,1.6130675366989036,0.8712830809263756,0.8806834934135613,0.9308914577924033,0.834884076954933,0.5767187075829454,1.4408811296404425,0.551161588033974,1.0231485476636213,10.0,60.0,-0.7745017018352388,-0.5808145920242676,-0.5072287627613652,-0.4290256112943074,-0.3745458859641631,3
217,IgG1,,-1.762094816931332,-2.3454983207053846,-0.8203822777871103,-1.0438171702198553,-0.22772156092781295,-2.3646399356013954,-2.722327851264547,-1.7083983842323065,-1.989819636193109,-0.9302300848716785,-2.308178586652274,0.5364279265622123,-0.9222722231871218,-0.19653627598365478,-2.308057718745377,,50.0,0.46855495026545435,1.0004050944163032,1.4152828209762185,1.3351110901608751,1.2622500540027564,2
218,IgG1,,-1.5920369748650018,-3.673958203565304,-0.8616473183017699,-1.5060800939009409,-0.15292668334704196,-7.249378095188612,-2.62813032401543,-1.708734231139382,-2.0638277230671487,-0.9309572604808225,-2.3053741974095843,0.5347391123482962,-0.9351671740668236,-0.15985430632076977,-2.302471981500568,0.0,,0.6451513419280847,0.6491761504738524,1.4853867269003047,1.37258175646214,1.2792893979023534,2
221,IgG1,,-1.8248331112222367,-3.3774526826845923,-0.9837493995974254,-1.0319578057757322,0.8278898410824992,-1.8657873240839382,-3.3495535733554944,-1.7102330280607116,-2.054734823992409,-0.9304045273815299,-2.3084672252086746,0.5365737017007585,-0.9295238328516136,-0.10849638228811317,-2.3107849356532246,,60.0,0.8026305000317676,0.8710777733419837,0.16547539088016397,0.46976651246829615,0.6393025928436471,1
223,IgG1,,0.4757992524988276,0.7085257359417552,-0.6053586563673068,-0.288205682157206,-0.5857997539042531,-0.06286788258150552,-0.11829835491873662,0.9035641793935001,0.8824947800212057,0.9290870618016489,0.9132813316429543,0.5414365308185536,1.317900194481097,0.3590115669286256,0.9560025687382616,,10.0,0.1723141257821542,0.27425445943676136,0.13411839723797686,0.1338698715764195,0.13131387535202224,1
231,IgG1,2.0,0.5575959802418363,1.0356625203129033,-0.6131258858601086,-0.8133185808476083,-0.04206799312501867,-1.1557315802907233,-0.4844615235618206,1.0077311699700262,0.7855452251758556,0.872572439290293,1.0409672807572892,0.5614778864538889,1.1439470299103103,0.38958273852767883,0.9475724594211729,,60.0,-1.1728822097601048,-1.3371268548750208,-1.2025407909534873,-1.2335556305430664,-1.225357454795147,3
235,IgG1,,0.8633887044231253,1.1837295343364276,-0.5977596870547417,-0.436665550443145,0.35321165650627373,0.788190584748219,0.5600512708345606,1.0350103775969708,0.9478384155471745,1.0554450108937998,1.0292392915718676,0.582543057031138,1.3079042754172296,0.37991479339514983,1.0131578682887288,0.0,,-0.14804868286908154,-0.15416378138889256,-0.9061732011505423,-1.0229980674506913,-1.0719321955368557,3
236,IgG1,,0.7770528419414998,1.1124751424662078,-0.6166289674971008,0.2775025964934296,0.12095674954809052,0.2031683415844398,0.3936528845403734,1.0120388968092973,0.8666013228022599,0.9515719037971095,1.1294311772743706,0.5757685275728806,1.4046181306675185,0.26443835204154803,0.9644264206917517,,50.0,0.1809701452850583,0.05278841179686865,-0.8587288112429431,-1.0340905375421767,-1.1176466368622373,3
237,IgG1,,0.7976849432980672,1.0613571512514564,-0.03840410019670208,0.3861826549765971,0.13111617232993214,0.8794506286480502,1.341593713300479,0.9069734708039524,0.8153651389714918,0.8796026571164071,0.8093554002124368,0.5537204425938872,0.8673611288578602,0.21584958507010094,0.9403268778909488,,0.0,-0.09415296695833354,0.39045453717329426,0.13411839723797686,0.1338698715764195,0.13131387535202224,1
241,IgG1,7.0,0.8910152695634735,0.9885299408672391,-0.21122667331258657,0.9383718403080354,-0.08895953012267328,1.7801544461327816,1.1885952406608145,1.0133377024042682,0.9579049992810105,1.116374121176545,1.0334868596925946,0.5747965862716962,1.2273775994785674,0.27960554517337294,1.02879841088952,,70.0,-0.7745017018352388,-0.5261883475241015,-0.25770183044288064,-0.38287571771995715,-0.4469927344217059,3
242,IgG1,7.0,0.7542914201761586,0.9200806949703124,-0.5291451461311601,0.2168109016512438,-0.16529733697134527,1.9739524823585086,1.4047394220759395,0.9806202454454749,0.9011768907677453,1.057394477543832,1.0466664279178155,0.5717729770607868,1.2652792604965484,0.4756683292652527,1.0572942479701477,10.0,80.0,-0.7745017018352388,-0.30681995441615084,-0.3020740225801258,-0.34051438156839287,-0.358869489606798,3
243,IgG1,7.0,0.5960320916181782,1.0386558636541487,-0.5321951886246971,0.5307284603775873,-0.029795454042014773,1.7600806790989425,1.284104778792795,0.8285186710424085,0.8564100785565569,0.9211570904383527,0.8658473606151399,0.5649870937047985,1.0394433324477457,0.358330256041526,0.9935209724295576,,100.0,-0.047466374507476025,-0.12038879484617175,-0.28464144767950517,-0.43585059336282767,-0.5155344706792727,1
244,IgG1,7.0,-0.07117142900072192,0.04901008921968949,-0.8657885098527643,0.2979131623197209,-0.5357330338863157,0.6950499504406695,0.974545514763229,0.3039512064074425,0.715665814539368,-0.08536770124079952,0.6305123625052212,0.5410275410648143,-0.4499876737470147,-0.4257596075327322,0.4497965704012867,20.0,90.0,1.7202234421690579,1.315976770457466,-0.26427596295026057,-0.40362067250724104,-0.4764632413003318,1
245,IgG1,,0.17425217764355977,0.319075682298616,-0.7084927755562406,0.14854797863856573,-0.8087821688176005,0.1105365936999603,0.3062924032706136,0.1411959706787664,0.5256480937706446,-0.3266254145492393,0.5215442550889196,0.5378679731749155,-0.6656215072095192,-0.06106382311141617,0.340302254324921,,0.0,-0.7745017018352388,-0.47886894242846256,1.1952047237729735,1.7489300967539931,2.0410027464609124,2
246,IgG1,,-0.02952187490639793,0.40058927537340266,-0.6737171745740084,0.5892046630508366,-0.9062893572127106,0.430652393444421,0.2526464596311335,0.26507364484125606,0.6106534645318064,-0.3359202420647893,0.57468637953067,0.5384531011230927,-0.527222584417224,-0.07547508897723708,0.3920768615579957,,40.0,0.2549627549272416,0.08249434029246876,-0.00860851890100705,-0.11966815043737618,-0.18154630608985417,1
249,IgG1,2.0,0.45088066287596296,0.7142507441834066,2.0563079004006255,1.6168272055570763,-0.8914521920635612,-1.1058460006477158,0.022652110963425273,0.22149721089274463,0.2568133279942462,-0.09919025274033602,0.3102694547876509,0.5374512257626755,-0.5978177718920606,-0.01904669529539127,0.25760313746823926,,40.0,0.03055132476615428,0.7520386674190114,1.1315915549605582,1.0537148119155333,0.9856582570522078,2
250,IgG1,6.0,0.12679896577324407,-1.140305874700427,0.08261646526802602,-1.319263758130319,0.9418671036369594,1.4638114078155182,0.9473719790795888,1.1428474579914498,0.9168476907033974,1.483457068670019,0.9227615353164572,0.7068214233429034,2.366301729445202,0.6479784537077022,1.2129907317025665,,0.0,0.9300139631458157,1.5050390454094602,1.0716832265783958,1.005528901572086,0.9460947862083208,2
251,IgG1,5.0,0.49891305654840795,1.4048641662977357,0.2319592111489723,-0.6199186733736252,0.4788465843889128,0.5119715232257633,0.004469854949805973,1.021498606396198,0.7322215703725294,1.270092516676117,1.0171941697191893,0.5890442031217902,1.9166514860315234,0.8026743740995037,1.1812450104774732,0.0,10.0,0.2160749260942297,0.8993669204114988,0.40037136530024575,0.4194822035360826,0.4220520851810308,1
252,IgG1,2.0,0.41228215764440945,0.5883232598963959,-0.7743321538048819,-1.3530133702203193,-0.6789064944842584,0.40849555397970255,0.6370085081445696,0.5863907612964595,0.4620602415869323,-0.2962515921904368,0.668546031035267,0.5460612181608817,-0.18084485618455662,0.03774247617412103,0.6808533660484567,,0.0,0.6795689528202868,0.5598556735433319,0.33233376868745396,0.41516554472133116,0.4566415345016256,1
254,IgG1,,-1.75240591291133,-1.4114687419028997,-1.0366733460772746,-1.2047763683877353,-1.0231632012960798,0.17041631536268242,-2.3754334887570874,-1.7083128231380573,-0.9592073313564147,-0.9301393807047129,-2.306629728231845,0.5346019303991884,-0.915885784714414,-0.06137877492600937,-2.2906446533664764,,80.0,-1.1728822097601048,-0.8264445633605148,-0.8513189877158044,-0.7478866943896075,-0.6719821076598367,3
255,IgG1,,-1.9500939334915073,-1.017785945122308,-0.9625260199155522,-0.6195076935394492,0.13286065981000153,-1.551694321626113,-1.9114302119622488,-1.707800468838001,-2.114830565242845,-0.9307478741324526,-2.3078238408397063,0.5352009752260417,-0.9024449379169116,-0.06572248749918667,-2.3062386977896714,,20.0,-1.1728822097601048,-1.2157588580691343,-0.8951556141263319,-0.5225514521248419,-0.2925705532017232,3
256,IgG1,,0.8653903909987251,-1.0228528368783651,2.577625966902817,0.07792459492256261,3.504768336835501,-0.019879859420726016,0.6192395890183933,0.9662158586525178,0.45965610988539246,1.1298445792866982,-0.08084783263212494,0.5873573501835865,1.2093257535378275,0.2575470261342425,0.5201527865890181,,50.0,-0.7745017018352388,-0.8264445633605148,-1.264064580874197,-1.2743798351107352,-1.2523682980906108,3
257,IgG1,,0.6621511096030337,-0.6946644940811018,1.2843737991648356,0.19696600902774902,2.956925879154013,0.9667695601322096,0.7788196500969672,0.9922978740160137,0.31752294202346854,1.2722740350515078,0.08070441745776175,0.6220473828785837,1.6900240485933207,0.4141534918952116,0.6917620398312927,10.0,,-0.7745017018352388,-0.8264445633605148,-1.304688051987429,-1.1671580813383868,-1.063630585799653,3
259,IgG1,1.0,-0.04647344432022203,-0.2971353865212755,2.2042270590584105,1.3190390774098482,-0.5803243787696871,-0.25432543770490434,-0.9136097672581915,-0.03522487346766039,0.40105300672339955,-0.4464115190322808,0.16822401284280356,0.5391165335487402,-0.8308183051463138,-0.006038404555317072,0.02717844100176661,,100.0,-0.5321565924576336,-0.43713026946786016,-0.34435523950169955,-0.40832364570476476,-0.4376109045972203,3
266,IgG1,2.0,-1.8018046159150853,-1.2527370252919385,-0.9290409805663316,-0.6877775731419001,-0.8704652409386279,-2.5714164203424175,-2.1747813603346047,-1.7052116810136726,-1.6739038042800118,-0.929999843764973,-2.285603493735591,0.5345116625237936,-0.913293557041484,-0.1786961515976954,-2.2555515234295176,,60.0,-0.5321565924576336,-0.39979375354110486,-0.4490459140642434,-0.44092613830206906,-0.4284337851703265,3
267,IgG1,2.0,-1.7328318683079846,-1.5124249236514844,-0.8778372384922134,-0.9327524530066506,-0.8992550467230173,-1.052752019272384,-2.062712358141007,-1.709148382487722,-2.078089386149994,-0.9301156587466323,-2.3055907185614495,0.5344033236837954,-0.9099071703360796,-0.10681153172946997,-2.3030445815238725,0.0,,-0.7745017018352388,-0.7244989145806748,-0.7593727583306711,-0.48438523509376374,-0.3127632923834629,3
269,IgG1,2.0,0.8327875249377009,2.0033381499299345,3.3043601750425418,3.5506436503264696,1.4974325631520957,-1.688120266694345,0.04039713254165197,0.09914856750042891,-0.05422189956779747,-0.22023509771581892,0.30149465065476516,0.5352063856380109,-0.4322451228447146,-0.05061529504694097,0.1829884451346059,,60.0,0.06387463110456229,-0.06118998226393855,-0.6418949735552417,-0.48851831505500437,-0.3880712082226811,1
270,IgG1,,0.4748354812111726,2.2000290494853205,4.161002107262985,1.4108744818148826,2.2050342191378105,-0.7773550504670347,0.6224330466899636,-0.4420198066023528,-0.28457793176641016,-0.6086324968554494,-0.011306365991478346,0.5354606216394373,-0.8377080738953989,-0.16280700682298177,-0.12158068006578919,0.0,0.0,-0.7745017018352388,-0.8264445633605148,-0.753517499860243,-0.6899181794390838,-0.6382745115090238,3
273,IgG1,,-0.9025678820532074,0.7917712058354477,-0.08782236443900139,1.1978192988977028,-0.7048869133442677,-1.478226978088659,-5.962790070307409,-1.7084545073443467,-2.093624323948069,-0.9310214766322039,-2.3087779884501853,0.531323997281519,-0.9567033189321708,-0.27699594857338616,-2.335724831170788,,0.0,-0.28981148388508127,-0.25610943098469746,-0.015201476656416649,-0.07031574470987148,-0.10067650341602517,1
274,IgG1,,-2.0527004654668803,-2.8407054988091063,-1.0359012931823208,-0.9327524530066506,-0.5173066265092774,1.1242807694363988,-0.2717050856112741,-1.710261580934952,-2.2154213711273902,-0.9331794853310714,-2.3130746966380245,0.534450272843985,-0.9431851086424068,-0.17366515007642028,-2.305900098593364,0.0,60.0,-0.28981148388508127,-0.30681995441615084,-0.13431096575954243,-0.1984992329809922,-0.23150681440657409,1
275,IgG2b,,0.9809250839949019,-0.11759065214431312,-0.10585697630597839,2.6673332436199253,0.20170048686282324,-1.8084596262124617,-1.3416174193834447,-1.105139688953866,-0.7140556509724411,-1.3230108084742969,-1.2168507610284938,-0.10623426605088825,-0.8910087027218488,0.18150158083133053,-1.0159265044194647,,80.0,-0.39039379144163366,-0.5808145920242676,-0.4183556671553851,-0.5682251710678505,-0.6453098231603546,3
276,IgG2b,,-1.3105009080357468,-1.1628048344582993,-0.004981306865694381,-0.8526498001477676,0.4405497657336476,-1.6120667869735954,-1.4602145376450815,-1.4018766856184655,-1.3501738416245168,-1.3250207103674017,-1.2181121307322262,-0.11961084015081085,-0.9104801478699721,0.18838352415364112,-1.1851753240080234,,50.0,0.2360592275245236,0.09146618994735446,-0.3472828321062911,-0.442320958116808,-0.4902546827176035,1
278,IgG1,,-1.6036025030325196,-0.5619767497614644,-0.09108377485290278,0.6492420925756535,0.2756141633940546,-2.0883636911985115,-1.1553462714425877,-1.402110450257756,-1.3506366900008069,-1.3245624502774715,-1.2179723201868358,-0.11987641106367294,-0.9092836714310559,0.09703149720336572,-1.1852309202235392,,0.0,-0.21179378461145096,-0.23323897027625023,-0.16027111967532384,-0.2037811299855109,-0.22399587733425497,1
279,IgG1,,-1.531286992163665,-1.0551451865525914,-0.12444297922851928,-0.6488919214135676,0.10332820337468103,-1.2455869373701232,-1.0340930560217751,-1.4027319139298238,-1.3500555686115676,-1.324658721072979,-1.2176370658412887,-0.11989158998847314,-0.9093823211883691,0.10029153963874803,-1.1859252001125205,0.0,,-0.28981148388508127,-0.30681995441615084,-0.4080394784693441,-0.30874288357613516,-0.24498260715993006,1
280,IgG1,,-1.699156804810996,-0.9699031632902867,-0.3276626028746555,-0.8976921148474207,0.23363483792361414,0.16707114779077,-1.3709973695115198,-1.40202149169321,-1.3498716052700002,-1.3246326006372908,-1.2179450705221013,-0.11919450273781396,-0.9098432688958465,0.13544602396135502,-1.185874635149678,,0.0,0.03055132476615428,-0.03492840403564195,-0.35245590596396964,-0.35924812624320407,-0.3563126351924101,1
288,IgG1,,-1.6343938973610599,-1.0476518643715946,-0.2331427579902021,-0.8948996739336903,0.24428220912138635,-0.7699328371937691,-1.114957582494569,-1.402048385640352,-1.3500583845368646,-1.324379622993643,-1.2182235147189437,-0.11990828723593284,-0.9106050815653052,0.2218387825384799,-1.1850658221998864,,80.0,0.2160749260942297,0.25244024107717256,-0.4955547858303316,0.27898761939060085,0.7273821199433201,1
289,IgG1,,-1.550907547110984,-0.93706212161021,-0.2600618867377458,1.035416833768023,-0.03113245725018997,-0.36483109706974287,-0.5677237777973052,-1.4023952876419459,-1.3504057189540697,-1.3250289211843458,-1.2183272041811504,-0.11947278831906136,-0.91005450999871,0.20586212265125972,-1.1839106329819105,,80.0,-0.9360432001789629,-0.970128885916922,-0.8513189877158044,-0.6034602150289714,-0.4469927344217059,3
290,IgG1,,-1.5240779007878114,-0.7770795918017875,-0.2201916923360158,-0.49229298307273056,0.06482726244341672,-1.4893222771816481,-0.8862947855577821,-1.4026015321271228,-1.3503381238066137,-1.3250087674203639,-1.218324834054893,-0.11995762264551656,-0.9100714719892555,0.18784238952408533,-1.1820382449566862,,10.0,-0.7745017018352388,-0.8264445633605148,-0.7920640243222248,-0.7796170094940724,-0.755964727681101,3
291,IgG1,,1.4423756527447749,0.41854749350847215,-0.20223600065741698,0.24481522681365592,1.1078489556294409,1.7099421156434582,0.8521008107503362,-0.05247846775537669,0.08873811155879902,-0.2289178563840142,0.18564308472379576,0.6544743703877567,-0.8707830277704813,0.2765808789609449,-0.313318100810391,,90.0,-1.1728822097601048,-1.2157588580691343,-0.8006518973418792,-0.7121664491425523,-0.6458168764091952,3
298,IgG1,,1.4273416134650512,-0.09244357388613442,-7.402888427436734e-05,-0.8872624577497775,-0.17532859866486197,1.023462536015042,0.5729958512795815,0.5344829936679082,0.49743063135149174,0.1359651658235748,0.5483407460027948,1.0795156702131619,-0.2675927009410834,0.12233489588982022,0.29637124090421046,,10.0,1.1776565991817523,1.0445585581702337,-1.2076705992262762,-1.1233859192141729,-1.0528106628898488,1
301,IgG1,,-1.7002666373765696,-1.2198987107385606,-0.32985674925696473,0.19762112122824763,-0.13638355082355627,-1.0500661505180886,-1.0743781777558363,-1.4023042447150114,-1.350132538971166,-1.324773654992696,-1.2166767411703396,-0.11957973787385325,-0.9104539282684811,0.28420212652202004,-1.1859117159595565,,10.0,-0.21179378461145096,-0.13687405281548184,0.19464648104869367,0.39873724874879873,0.5118816254195035,1
310,IgG1,,0.36434558469032347,0.3560660190747554,-0.019397187608196382,-0.8664297372089507,-0.22013214949985208,3.6806858329954553,-1.0080247196886005,0.4845895602480594,0.46709538023972963,0.002101553526090777,0.3102665593964895,-0.11963739211230966,-0.9099789538939104,0.10044642002167162,0.45056373309387276,,10.0,-1.1728822097601048,-1.619539207996062,-0.574823449842873,-0.763455929910324,-0.8593200008094746,3
311,IgG1,,-0.47455131040795523,0.5737931158377757,0.07055695500859012,-0.603652401099956,0.5953403291150986,-0.44995356806187636,-0.2840311855449188,-0.3497323253457778,-0.13862250002945747,-0.8017208972672437,-0.37478183693816963,-0.11947582209417065,-0.9107639598220968,0.09807800999041692,-0.3390455518459518,,20.0,-1.1728822097601048,-0.970128885916922,-0.8229254548052983,-0.986306188991331,-1.0622627745998612,3
312,IgG1,,0.2238490168695096,-0.028360092041444716,0.8344008980412838,0.3975138421659881,0.14014362668433294,-0.5299149162939093,0.24861882769205007,0.6687586937428962,0.7520128009897019,0.790803877058466,0.7373141034713673,-0.11854666587964935,-0.910819493242966,0.09718656126204032,0.6882585668134263,,0.0,-1.1728822097601048,-1.619539207996062,-1.0360177433592703,-1.2810235204441671,-1.399940873765278,3
313,IgG1,,0.6419455159760178,0.8596967384750719,0.14428469734012972,0.9810344272812942,0.10989488511716743,0.5733547854663685,0.9013391902068708,0.3650445027701047,0.32571049936282703,0.388698084289712,0.42485275215177326,0.8133013941076954,-0.4253758942250017,0.08966697259292342,0.2960930322991562,0.0,20.0,-1.1728822097601048,-1.619539207996062,-1.093881764902681,-1.3421257834330254,-1.462244622490026,3
320,IgG1,,-1.5217661271846186,-1.0748725759793056,0.3042422912396007,0.4236241657064748,0.10623481425862062,-1.9239183837196674,-1.0259733309117756,-1.4027250151652397,-1.350309021195732,-1.3239580638024255,-1.2180564418930155,-0.11952891556709776,-0.9095364717641752,0.08575487516402702,-1.1880208968034587,,0.0,-0.7745017018352388,-0.23323897027625023,-0.36529180816591095,-0.5815829359341222,-0.6975821493614265,3
321,IgG1,,1.007965080174996,0.6887970305036375,0.18519659486062973,0.6628278159132004,-0.04784345355120237,0.6364737406631462,0.8813324812871302,0.7509215873045354,0.9030959653833961,0.9612630354085652,0.7756117023279855,0.6381055485474605,1.0837851228638617,0.10318857076885542,0.9540695260833892,0.0,,-0.39039379144163366,-0.36601876699838404,-0.36071641689489076,-0.45894122420711536,-0.5081553114159638,3
339,IgG1,,-0.38890089738223654,-0.7220756166173511,0.33635043397524017,0.23496223814661962,0.07354040486815462,-0.6874127443633017,-0.2534386766879227,0.2678224496476882,0.41006527443507274,0.1809972432737503,0.3359989248847789,-0.11986047359346134,-0.9109027964401097,0.09036656244298562,0.2810630952190021,,30.0,2.7660732132215697,2.3728067210825534,2.1995721945617484,1.9440340124978701,1.7553941797015862,2
341,IgG1,,0.08077037619394088,-0.5159592222715728,0.37265044529865043,0.8229786479537593,-0.009248356293050772,-0.7218903905628977,-0.2546593884702109,-0.3069884330814573,-0.19509237009749228,-0.4313813382777032,-0.6330182642799854,-0.11971781357726766,-0.9102611482732231,0.08302311206905932,-0.749631512405966,,0.0,2.6623252842043454,2.3728067210825534,2.1995721945617484,1.9440340124978701,1.7553941797015862,2
342,IgG1,,-0.03060420080782493,-0.4141340950102607,0.25080764823043344,-0.2880052935542542,0.20003625571310343,-0.5895632022953415,-0.8399205173502295,0.44415243647361907,0.7713544973872906,0.19651913390888529,0.6067695766981037,-0.11922710193158485,-0.9101917522981068,0.08640542473249123,0.4033306760171251,,0.0,2.7660732132215697,2.3728067210825534,2.1995721945617484,1.9440340124978701,1.7553941797015862,2
351,IgG1,,0.950573927384136,0.46941188426604286,0.09556653771079732,1.6540355431032618,-0.16129079091430595,1.5543408280311106,1.1212753006065745,0.2682643560866082,0.47940899155197175,0.1404289235076637,0.25466628068197866,0.349587891227525,0.2906068401232329,0.09139341569438292,0.13233200563306433,,90.0,-1.1728822097601048,-1.619539207996062,-0.4425407685864344,-0.6743658057483081,-0.7975051678228585,3
